{
  "id": "1920337",
  "name": "jd-project",
  "font_family": "iconfont",
  "css_prefix_text": "icon-",
  "description": "",
  "glyphs": [
    {
      "icon_id": "525998",
      "name": "坐标",
      "font_class": "zuobiao",
      "unicode": "e615",
      "unicode_decimal": 58901
    },
    {
      "icon_id": "1306",
      "name": "购物车空",
      "font_class": "gouwuchekong",
      "unicode": "e600",
      "unicode_decimal": 58880
    },
    {
      "icon_id": "1191000",
      "name": "二维码",
      "font_class": "erweima",
      "unicode": "e70a",
      "unicode_decimal": 59146
    },
    {
      "icon_id": "3216082",
      "name": "右",
      "font_class": "icon--",
      "unicode": "e717",
      "unicode_decimal": 59159
    },
    {
      "icon_id": "7974081",
      "name": "相机",
      "font_class": "xiangji",
      "unicode": "e602",
      "unicode_decimal": 58882
    },
    {
      "icon_id": "11493434",
      "name": "搜索",
      "font_class": "sousuo",
      "unicode": "e618",
      "unicode_decimal": 58904
    },
    {
      "icon_id": "12323762",
      "name": "下拉",
      "font_class": "xiala",
      "unicode": "e656",
      "unicode_decimal": 58966
    }
  ]
}
